,DO_Areation_1,PH_Areation_1,ORP_Areation_1,MLSS_Areation_1,DO_Areation_2,PH_Areation_2,ORP_Areation_2,MLSS_Areation_2,PH_Anoxic_1,ORP_Anoxic_1,MLSS_Anoxic_1,PH_Anoxic_2,ORP_Anoxic_2,MLSS_Anoxic_2,TOC_in_total,TOC_out
min,-2.0004696974525227,5.2226334579029645,-98.04065691538885,2534.81717169432,-1.6773781142883606,4.3196216739477835,-77.45160275209903,2409.0611317548146,4.228823657417051,-158.32480585487767,-233.06985149450657,4.218747320889097,-209.9055214714888,-2994.9364849160343,-14.563331084908134,-4.833590275841854
max,10.000559997452523,8.477366542097034,601.3406569153889,22275.18282830568,10.795369181288361,7.880378326052217,553.2516027520991,19650.938868245186,9.07117634258295,659.3248058548777,22123.069851494507,14.081252679110904,1224.9055214714888,23684.936484916034,133.56333108490813,52.43359027584186
