,DO_Areation_1,PH_Areation_1,ORP_Areation_1,MLSS_Areation_1,DO_Areation_2,PH_Areation_2,ORP_Areation_2,MLSS_Areation_2,PH_Anoxic_1,ORP_Anoxic_1,MLSS_Anoxic_1,PH_Anoxic_2,ORP_Anoxic_2,MLSS_Anoxic_2,TOC_in_total,TOC_out
min,-2.034362659519783,5.2179227719968395,-98.76369575195766,2514.903090025439,-1.656965835076254,4.3122850777001345,-77.70332458763829,2391.229055831948,4.224300786471106,-158.98005712187856,-131.8154110901337,4.206183840866448,-211.22170063501773,-3034.041944200566,-14.833448750214478,-4.840785886985837
max,10.034452959519783,8.48207722800316,602.0636957519577,22295.09690997456,10.174956902076254,7.887714922299866,553.5033245876383,19668.770944168053,9.075699213528894,659.9800571218785,22146.815411090134,14.093816159133553,1226.2217006350177,23724.041944200566,133.83344875021447,52.440785886985836
